"DESCRIPTION","DURATION IN MS","NAME","PARENT SUITE","START TIME","STATUS","STOP TIME","SUB SUITE","SUITE","TEST CLASS","TEST METHOD"
"","10093","Max length of note is 500 characters","Chromium","Mon Jul 21 15:21:32 ICT 2025","passed","Mon Jul 21 15:21:42 ICT 2025","Reward Employee Tests","reward\reward-employee.spec.ts","",""
"","8757","Edit content with empty content","Chromium","Mon Jul 21 13:56:13 ICT 2025","passed","Mon Jul 21 13:56:21 ICT 2025","Term Tests","contract\term.spec.ts","",""
"","9402","Edit code with duplicate code","Chromium","Mon Jul 21 14:17:24 ICT 2025","passed","Mon Jul 21 14:17:34 ICT 2025","Level Test Suite","level.spec.ts","",""
"","12847","Edit Reason","Chromium","Mon Jul 21 14:44:20 ICT 2025","passed","Mon Jul 21 14:44:33 ICT 2025","Overtime Ticket Test Suite","timekeeping\overtime-ticket.spec.ts","",""
"","7892","Create with lock status","Chromium","Mon Jul 21 13:57:26 ICT 2025","passed","Mon Jul 21 13:57:34 ICT 2025","Department Test","department.spec.ts","",""
"","9683","Search with reward name","Chromium","Mon Jul 21 15:23:33 ICT 2025","passed","Mon Jul 21 15:23:43 ICT 2025","Reward Employee Tests","reward\reward-employee.spec.ts","",""
"","8745","Max lenghth of evaluation type name over 255 characters","Chromium","Mon Jul 21 14:07:01 ICT 2025","passed","Mon Jul 21 14:07:10 ICT 2025","Evaluation Type Tests","evaluation\evaluation-type.spec.ts","",""
"","10093","Search by code","Chromium","Mon Jul 21 13:53:56 ICT 2025","passed","Mon Jul 21 13:54:06 ICT 2025","Contract Tests","contract\contract.spec.ts","",""
"","8657","Search by status","Chromium","Mon Jul 21 13:49:24 ICT 2025","passed","Mon Jul 21 13:49:32 ICT 2025","Branch Test","branch.spec.ts","",""
"","9093","Max length of over 255 charactor of name","Chromium","Mon Jul 21 15:11:50 ICT 2025","passed","Mon Jul 21 15:11:59 ICT 2025","Position Tests","position.spec.ts","",""
"","8953","Max length of note over 500 characters","Chromium","Mon Jul 21 15:21:42 ICT 2025","passed","Mon Jul 21 15:21:51 ICT 2025","Reward Employee Tests","reward\reward-employee.spec.ts","",""
"","21398","Add new resignation and send","Chromium","Mon Jul 21 15:13:45 ICT 2025","passed","Mon Jul 21 15:14:06 ICT 2025","Resignation Tests","regisnation.spec.ts","",""
"","9367","Maxlenght note over 255 characters","Chromium","Mon Jul 21 14:39:56 ICT 2025","passed","Mon Jul 21 14:40:05 ICT 2025","Team","team.spec.ts","",""
"","8735","Create with empty name","Chromium","Mon Jul 21 15:12:08 ICT 2025","passed","Mon Jul 21 15:12:17 ICT 2025","Position Tests","position.spec.ts","",""
"","9055","Save resume with empty information required","Chromium","Mon Jul 21 14:47:56 ICT 2025","passed","Mon Jul 21 14:48:05 ICT 2025","Employee Tests","employee.spec.ts","",""
"","8237","Edit activity status to lock","Chromium","Mon Jul 21 14:28:47 ICT 2025","passed","Mon Jul 21 14:28:55 ICT 2025","Reward Type Tests","reward\reward-type.spec.ts","",""
"","18552","Edit Time In","Chromium","Mon Jul 21 14:43:47 ICT 2025","passed","Mon Jul 21 14:44:05 ICT 2025","Overtime Ticket Test Suite","timekeeping\overtime-ticket.spec.ts","",""
"","7398","Search by name","Chromium","Mon Jul 21 14:45:58 ICT 2025","passed","Mon Jul 21 14:46:05 ICT 2025","Shift Plan Tests","work_shift\shift_plan.spec.ts","",""
"","9820","Create position with empty note","Chromium","Mon Jul 21 15:12:57 ICT 2025","passed","Mon Jul 21 15:13:06 ICT 2025","Position Tests","position.spec.ts","",""
"","24247","Add annual leave for a employee and manager browsed","Chromium","Mon Jul 21 15:06:24 ICT 2025","passed","Mon Jul 21 15:06:48 ICT 2025","Leave Application Tests","leave\leave-application.spec.ts","",""
"","10719","Search with data not exist","Chromium","Mon Jul 21 15:25:34 ICT 2025","passed","Mon Jul 21 15:25:45 ICT 2025","Paysheet Tests","salary\paysheet.spec.ts","",""
"","9850","Edit all fields","Chromium","Mon Jul 21 13:49:01 ICT 2025","passed","Mon Jul 21 13:49:11 ICT 2025","Branch Test","branch.spec.ts","",""
"","12673","Delete Overtime Ticket","Chromium","Mon Jul 21 14:44:33 ICT 2025","passed","Mon Jul 21 14:44:46 ICT 2025","Overtime Ticket Test Suite","timekeeping\overtime-ticket.spec.ts","",""
"","6990","Login Unsuccessful With Empty Password","Chromium","Mon Jul 21 14:20:07 ICT 2025","passed","Mon Jul 21 14:20:14 ICT 2025","Login Tests","login.spec.ts","",""
"","12729","Add new notification with work schedule notification type","Chromium","Mon Jul 21 15:08:31 ICT 2025","passed","Mon Jul 21 15:08:44 ICT 2025","Notification Test Suite","notification\notifition.spec.ts","",""
"","10558","Max length of notification name is 256 characters","Chromium","Mon Jul 21 15:07:16 ICT 2025","passed","Mon Jul 21 15:07:27 ICT 2025","Notification Test Suite","notification\notifition.spec.ts","",""
"","11959","Max length of note 255 characters","Chromium","Mon Jul 21 15:34:38 ICT 2025","passed","Mon Jul 21 15:34:50 ICT 2025","Debt Tests","salary\debt.spec.ts","",""
"","8505","Search Paysheet","Chromium","Mon Jul 21 15:25:26 ICT 2025","passed","Mon Jul 21 15:25:34 ICT 2025","Paysheet Tests","salary\paysheet.spec.ts","",""
"","5797","Login Unsuccessful With Empty Username","Chromium","Mon Jul 21 14:20:01 ICT 2025","passed","Mon Jul 21 14:20:07 ICT 2025","Login Tests","login.spec.ts","",""
"","15492","Edit leave type of leave application","Chromium","Mon Jul 21 15:07:33 ICT 2025","passed","Mon Jul 21 15:07:48 ICT 2025","Leave Application Tests","leave\leave-application.spec.ts","",""
"","15052","Edit Time Out","Chromium","Mon Jul 21 14:44:05 ICT 2025","passed","Mon Jul 21 14:44:20 ICT 2025","Overtime Ticket Test Suite","timekeeping\overtime-ticket.spec.ts","",""
"","1","Add with role department management","Chromium","Mon Jul 21 14:48:18 ICT 2025","skipped","Mon Jul 21 14:48:18 ICT 2025","Employee Tests","employee.spec.ts","",""
"","15786","Cancel evaluation","Chromium","Mon Jul 21 14:55:12 ICT 2025","passed","Mon Jul 21 14:55:28 ICT 2025","Evaluation Criteria Tests","evaluation\evaluation-process.spec.ts","",""
"","11116","Create with blank address and note","Chromium","Mon Jul 21 13:47:11 ICT 2025","passed","Mon Jul 21 13:47:22 ICT 2025","Branch Test","branch.spec.ts","",""
"","10389","Edit with duplicate branch name","Chromium","Mon Jul 21 13:48:51 ICT 2025","passed","Mon Jul 21 13:49:01 ICT 2025","Branch Test","branch.spec.ts","",""
"","9150","Create term with empty content","Chromium","Mon Jul 21 13:54:33 ICT 2025","passed","Mon Jul 21 13:54:42 ICT 2025","Term Tests","contract\term.spec.ts","",""
"","14367","Edit note","Chromium","Mon Jul 21 14:38:54 ICT 2025","passed","Mon Jul 21 14:39:08 ICT 2025","Team","team.spec.ts","",""
"","11097","Add duplicate evaluation process","Chromium","Mon Jul 21 14:54:41 ICT 2025","passed","Mon Jul 21 14:54:52 ICT 2025","Evaluation Criteria Tests","evaluation\evaluation-process.spec.ts","",""
"","8976","Save shift plan with empty shift plan name and work shift","Chromium","Mon Jul 21 14:45:30 ICT 2025","passed","Mon Jul 21 14:45:39 ICT 2025","Shift Plan Tests","work_shift\shift_plan.spec.ts","",""
"","7599","Max length of notification description is 501 characters","Chromium","Mon Jul 21 15:07:38 ICT 2025","passed","Mon Jul 21 15:07:45 ICT 2025","Notification Test Suite","notification\notifition.spec.ts","",""
"","6491","Search by new status","Chromium","Mon Jul 21 14:15:07 ICT 2025","passed","Mon Jul 21 14:15:14 ICT 2025","Leave Management Tests","leave\leave-management.spec.ts","",""
"","8534","Search by cancel status","Chromium","Mon Jul 21 15:05:10 ICT 2025","passed","Mon Jul 21 15:05:19 ICT 2025","Leave Application Tests","leave\leave-application.spec.ts","",""
"","2872","Test forgot password with wrong format email","Chromium","Mon Jul 21 14:08:19 ICT 2025","passed","Mon Jul 21 14:08:22 ICT 2025","Forgot Password Test Suite","forgot-password.spec.ts","",""
"","10179","Edit active status to lock status","Chromium","Mon Jul 21 13:47:32 ICT 2025","passed","Mon Jul 21 13:47:42 ICT 2025","Branch Test","branch.spec.ts","",""
"","11604","Max lenghth of note is 255 characters","Chromium","Mon Jul 21 13:50:54 ICT 2025","passed","Mon Jul 21 13:51:05 ICT 2025","Contract Tests","contract\contract.spec.ts","",""
"","15120","Edit allowance note","Chromium","Mon Jul 21 14:32:32 ICT 2025","passed","Mon Jul 21 14:32:47 ICT 2025","Allowance Tests","salary\allowance.spec.ts","",""
"","9767","Create reward with chosse day reward","Chromium","Mon Jul 21 15:23:16 ICT 2025","passed","Mon Jul 21 15:23:25 ICT 2025","Reward Employee Tests","reward\reward-employee.spec.ts","",""
"","11360","Send notification to company","Chromium","Mon Jul 21 15:08:55 ICT 2025","passed","Mon Jul 21 15:09:07 ICT 2025","Notification Test Suite","notification\notifition.spec.ts","",""
"","10057","Create with lock status","Chromium","Mon Jul 21 15:12:17 ICT 2025","passed","Mon Jul 21 15:12:27 ICT 2025","Position Tests","position.spec.ts","",""
"","11932","Max length of code over 100","Chromium","Mon Jul 21 14:19:25 ICT 2025","passed","Mon Jul 21 14:19:37 ICT 2025","Level Test Suite","level.spec.ts","",""
"Tạo loại đánh giá với trạng thái khóa và kiểm tra tồn tại trong database.","8243","Add evaluation type with lock status","Chromium","Mon Jul 21 14:07:55 ICT 2025","passed","Mon Jul 21 14:08:04 ICT 2025","Evaluation Type Tests","evaluation\evaluation-type.spec.ts","",""
"","12298","Export by month","Chromium","Mon Jul 21 14:36:49 ICT 2025","passed","Mon Jul 21 14:37:02 ICT 2025","Payslip Tests","salary\payslip.spec.ts","",""
"","12557","Create branch with valid information","Chromium","Mon Jul 21 13:46:07 ICT 2025","passed","Mon Jul 21 13:46:20 ICT 2025","Branch Test","branch.spec.ts","",""
"","12365","Edit department note successfully","Chromium","Mon Jul 21 13:59:01 ICT 2025","passed","Mon Jul 21 13:59:14 ICT 2025","Department Test","department.spec.ts","",""
"","12342","Add annual leave already exists","Chromium","Mon Jul 21 14:13:41 ICT 2025","passed","Mon Jul 21 14:13:54 ICT 2025","Leave Management Tests","leave\leave-management.spec.ts","",""
"","13720","Edit - with only click save","Chromium","Mon Jul 21 14:43:33 ICT 2025","passed","Mon Jul 21 14:43:47 ICT 2025","Overtime Ticket Test Suite","timekeeping\overtime-ticket.spec.ts","",""
"","10711","Maxlengt name paysheet 245 characters","Chromium","Mon Jul 21 15:28:05 ICT 2025","passed","Mon Jul 21 15:28:16 ICT 2025","Paysheet Tests","salary\paysheet.spec.ts","",""
"","14493","Create allowance type monthly with valid data","Chromium","Mon Jul 21 14:30:26 ICT 2025","passed","Mon Jul 21 14:30:40 ICT 2025","Allowance Tests","salary\allowance.spec.ts","",""
"","8646","Add reward type with valid data","Chromium","Mon Jul 21 14:27:58 ICT 2025","passed","Mon Jul 21 14:28:07 ICT 2025","Reward Type Tests","reward\reward-type.spec.ts","",""
"","17103","E2E - Create with seasonal contract and confirm contract","Chromium","Mon Jul 21 13:52:48 ICT 2025","passed","Mon Jul 21 13:53:05 ICT 2025","Contract Tests","contract\contract.spec.ts","",""
"","8856","Max length of note over 255","Chromium","Mon Jul 21 14:19:07 ICT 2025","passed","Mon Jul 21 14:19:16 ICT 2025","Level Test Suite","level.spec.ts","",""
"","8433","Search by pending status","Chromium","Mon Jul 21 15:05:19 ICT 2025","passed","Mon Jul 21 15:05:27 ICT 2025","Leave Application Tests","leave\leave-application.spec.ts","",""
"","9958","Max length of reward type description is 500 characters","Chromium","Mon Jul 21 14:27:29 ICT 2025","passed","Mon Jul 21 14:27:38 ICT 2025","Reward Type Tests","reward\reward-type.spec.ts","",""
"","11572","Create a new team with existing team code","Chromium","Mon Jul 21 14:37:40 ICT 2025","passed","Mon Jul 21 14:37:52 ICT 2025","Team","team.spec.ts","",""
"","15367","Edit team code","Chromium","Mon Jul 21 14:38:38 ICT 2025","passed","Mon Jul 21 14:38:54 ICT 2025","Team","team.spec.ts","",""
"","11278","Edit money","Chromium","Mon Jul 21 15:35:33 ICT 2025","passed","Mon Jul 21 15:35:45 ICT 2025","Debt Tests","salary\debt.spec.ts","",""
"","9697","Edit evaluation type","Chromium","Mon Jul 21 14:54:12 ICT 2025","passed","Mon Jul 21 14:54:21 ICT 2025","Evaluation Criteria Tests","evaluation\evaluation-process.spec.ts","",""
"","12546","Add new notification with holiday notification type","Chromium","Mon Jul 21 15:08:19 ICT 2025","passed","Mon Jul 21 15:08:31 ICT 2025","Notification Test Suite","notification\notifition.spec.ts","",""
"","15837","E2E - Create allowance type daily with valid data and verify","Chromium","Mon Jul 21 14:29:42 ICT 2025","passed","Mon Jul 21 14:29:58 ICT 2025","Allowance Tests","salary\allowance.spec.ts","",""
"","18135","Max length of work shift name is 255 characters","Chromium","Mon Jul 21 14:46:23 ICT 2025","passed","Mon Jul 21 14:46:41 ICT 2025","Work Shift Tests","work_shift\work_shift.spec.ts","",""
"","8354","Delete user","Chromium","Mon Jul 21 14:48:51 ICT 2025","passed","Mon Jul 21 14:48:59 ICT 2025","Employee Tests","employee.spec.ts","",""
"","16986","Create with pending status","Chromium","Mon Jul 21 14:41:20 ICT 2025","passed","Mon Jul 21 14:41:37 ICT 2025","Overtime Ticket Test Suite","timekeeping\overtime-ticket.spec.ts","",""
"","9305","Create department with duplicate name","Chromium","Mon Jul 21 13:57:44 ICT 2025","passed","Mon Jul 21 13:57:53 ICT 2025","Department Test","department.spec.ts","",""
"","26267","Search resignation requests","Chromium","Mon Jul 21 15:16:12 ICT 2025","passed","Mon Jul 21 15:16:38 ICT 2025","Resignation Tests","regisnation.spec.ts","",""
"","15395","Search Evaluation Criteria by status","Chromium","Mon Jul 21 14:03:40 ICT 2025","passed","Mon Jul 21 14:03:55 ICT 2025","Evaluation Criteria Tests","evaluation\evaluation-criteria.spec.ts","",""
"","7160","Maxleght team name 256 characters","Chromium","Mon Jul 21 14:39:20 ICT 2025","passed","Mon Jul 21 14:39:27 ICT 2025","Team","team.spec.ts","",""
"","17486","Add with basic information and set salary by date","Chromium","Mon Jul 21 14:47:05 ICT 2025","passed","Mon Jul 21 14:47:23 ICT 2025","Employee Tests","employee.spec.ts","",""
"","8555","Maxlenght note with over 255 characters","Chromium","Mon Jul 21 13:57:18 ICT 2025","passed","Mon Jul 21 13:57:26 ICT 2025","Department Test","department.spec.ts","",""
"","7281","Delete term","Chromium","Mon Jul 21 13:56:46 ICT 2025","passed","Mon Jul 21 13:56:53 ICT 2025","Term Tests","contract\term.spec.ts","",""
"","16150","Send debt and cancel","Chromium","Mon Jul 21 15:36:38 ICT 2025","passed","Mon Jul 21 15:36:54 ICT 2025","Debt Tests","salary\debt.spec.ts","",""
"","10561","Add new notification with empty name and description","Chromium","Mon Jul 21 15:08:08 ICT 2025","passed","Mon Jul 21 15:08:19 ICT 2025","Notification Test Suite","notification\notifition.spec.ts","",""
"","23571","Save team without filling in any information","Chromium","Mon Jul 21 14:37:52 ICT 2025","passed","Mon Jul 21 14:38:15 ICT 2025","Team","team.spec.ts","",""
"","13817","Save with empty data","Chromium","Mon Jul 21 14:29:28 ICT 2025","passed","Mon Jul 21 14:29:42 ICT 2025","Allowance Tests","salary\allowance.spec.ts","",""
"","21384","Evaluation process - Search by status","Chromium","Mon Jul 21 14:55:39 ICT 2025","passed","Mon Jul 21 14:56:00 ICT 2025","Evaluation Criteria Tests","evaluation\evaluation-process.spec.ts","",""
"","41197","Check validation required add with blank field","Chromium","Mon Jul 21 14:10:03 ICT 2025","passed","Mon Jul 21 14:10:44 ICT 2025","Holiday Management","holiday-management.spec.ts","",""
"","9828","Edit department note with empty note","Chromium","Mon Jul 21 13:59:14 ICT 2025","passed","Mon Jul 21 13:59:23 ICT 2025","Department Test","department.spec.ts","",""
"","14677","Add duplicate employee in paysheet","Chromium","Mon Jul 21 15:24:23 ICT 2025","passed","Mon Jul 21 15:24:38 ICT 2025","Paysheet Tests","salary\paysheet.spec.ts","",""
"","13571","Create level with blank note","Chromium","Mon Jul 21 14:15:42 ICT 2025","passed","Mon Jul 21 14:15:56 ICT 2025","Level Test Suite","level.spec.ts","",""
"","9696","Create position with existed name","Chromium","Mon Jul 21 15:13:06 ICT 2025","passed","Mon Jul 21 15:13:16 ICT 2025","Position Tests","position.spec.ts","",""
"","9908","Edit position lock to active status","Chromium","Mon Jul 21 15:12:47 ICT 2025","passed","Mon Jul 21 15:12:57 ICT 2025","Position Tests","position.spec.ts","",""
"","11631","Edit status","Chromium","Mon Jul 21 14:38:15 ICT 2025","passed","Mon Jul 21 14:38:27 ICT 2025","Team","team.spec.ts","",""
"","12344","Cancel debt with empty reason","Chromium","Mon Jul 21 15:37:07 ICT 2025","passed","Mon Jul 21 15:37:20 ICT 2025","Debt Tests","salary\debt.spec.ts","",""
"","9953","Add Reward Type with empty description","Chromium","Mon Jul 21 14:28:28 ICT 2025","passed","Mon Jul 21 14:28:37 ICT 2025","Reward Type Tests","reward\reward-type.spec.ts","",""
"","11241","Edit note","Chromium","Mon Jul 21 15:35:45 ICT 2025","passed","Mon Jul 21 15:35:56 ICT 2025","Debt Tests","salary\debt.spec.ts","",""
"","11655","Cancel resignation","Chromium","Mon Jul 21 15:16:00 ICT 2025","passed","Mon Jul 21 15:16:12 ICT 2025","Resignation Tests","regisnation.spec.ts","",""
"","12053","Max length of branch address 500 characters","Chromium","Mon Jul 21 13:50:25 ICT 2025","passed","Mon Jul 21 13:50:37 ICT 2025","Branch Test","branch.spec.ts","",""
"","20492","Search by name and status","Chromium","Mon Jul 21 14:29:07 ICT 2025","passed","Mon Jul 21 14:29:28 ICT 2025","Reward Type Tests","reward\reward-type.spec.ts","",""
"","12283","Delete leave application","Chromium","Mon Jul 21 15:06:48 ICT 2025","passed","Mon Jul 21 15:07:00 ICT 2025","Leave Application Tests","leave\leave-application.spec.ts","",""
"","11182","Delete Holiday","Chromium","Mon Jul 21 14:11:25 ICT 2025","passed","Mon Jul 21 14:11:36 ICT 2025","Holiday Management","holiday-management.spec.ts","",""
"","7406","Delete team","Chromium","Mon Jul 21 14:40:05 ICT 2025","passed","Mon Jul 21 14:40:12 ICT 2025","Team","team.spec.ts","",""
"","6795","Search by pending status","Chromium","Mon Jul 21 14:14:47 ICT 2025","passed","Mon Jul 21 14:14:54 ICT 2025","Leave Management Tests","leave\leave-management.spec.ts","",""
"","7310","Login Unsuccessful With Invalid Credentials","Chromium","Mon Jul 21 14:19:48 ICT 2025","passed","Mon Jul 21 14:19:56 ICT 2025","Login Tests","login.spec.ts","",""
"","9858","Edit short name","Chromium","Mon Jul 21 13:48:03 ICT 2025","passed","Mon Jul 21 13:48:13 ICT 2025","Branch Test","branch.spec.ts","",""
"","6202","Search with no data","Chromium","Mon Jul 21 13:59:37 ICT 2025","passed","Mon Jul 21 13:59:43 ICT 2025","Department Test","department.spec.ts","",""
"","9737","Max length of description is 500 characters","Chromium","Mon Jul 21 15:21:13 ICT 2025","passed","Mon Jul 21 15:21:23 ICT 2025","Reward Employee Tests","reward\reward-employee.spec.ts","",""
"","15747","Search by allowance type","Chromium","Mon Jul 21 14:33:30 ICT 2025","passed","Mon Jul 21 14:33:45 ICT 2025","Allowance Tests","salary\allowance.spec.ts","",""
"","9261","Login Unsuccessful With Invalid Password","Chromium","Mon Jul 21 14:20:21 ICT 2025","passed","Mon Jul 21 14:20:31 ICT 2025","Login Tests","login.spec.ts","",""
"","11935","Delete reward type","Chromium","Mon Jul 21 14:28:55 ICT 2025","passed","Mon Jul 21 14:29:07 ICT 2025","Reward Type Tests","reward\reward-type.spec.ts","",""
"Xóa loại đánh giá và xác minh thông báo thành công.","6592","Delete evaluation type","Chromium","Mon Jul 21 14:08:10 ICT 2025","passed","Mon Jul 21 14:08:17 ICT 2025","Evaluation Type Tests","evaluation\evaluation-type.spec.ts","",""
"","23337","Add leave application with annual leave and send to admin -> admin approve","Chromium","Mon Jul 21 15:07:48 ICT 2025","passed","Mon Jul 21 15:08:11 ICT 2025","Leave Application Tests","leave\leave-application.spec.ts","",""
"","11634","Create with wrong time","Chromium","Mon Jul 21 14:41:08 ICT 2025","passed","Mon Jul 21 14:41:20 ICT 2025","Overtime Ticket Test Suite","timekeeping\overtime-ticket.spec.ts","",""
"","12678","Create with lock status","Chromium","Mon Jul 21 14:03:19 ICT 2025","passed","Mon Jul 21 14:03:32 ICT 2025","Evaluation Criteria Tests","evaluation\evaluation-criteria.spec.ts","",""
"","7484","Save with empty reward name, employee, reward type, money","Chromium","Mon Jul 21 15:23:25 ICT 2025","passed","Mon Jul 21 15:23:33 ICT 2025","Reward Employee Tests","reward\reward-employee.spec.ts","",""
"","14770","Create duplicate allowance name","Chromium","Mon Jul 21 14:29:58 ICT 2025","passed","Mon Jul 21 14:30:12 ICT 2025","Allowance Tests","salary\allowance.spec.ts","",""
"","7713","Export excel by only one paysheet","Chromium","Mon Jul 21 15:26:22 ICT 2025","passed","Mon Jul 21 15:26:30 ICT 2025","Paysheet Tests","salary\paysheet.spec.ts","",""
"","9771","Edit description","Chromium","Mon Jul 21 14:28:37 ICT 2025","passed","Mon Jul 21 14:28:47 ICT 2025","Reward Type Tests","reward\reward-type.spec.ts","",""
"","16121","Search by contract type","Chromium","Mon Jul 21 13:53:30 ICT 2025","passed","Mon Jul 21 13:53:46 ICT 2025","Contract Tests","contract\contract.spec.ts","",""
"","10549","Max length name 255 character","Chromium","Mon Jul 21 13:55:12 ICT 2025","passed","Mon Jul 21 13:55:23 ICT 2025","Term Tests","contract\term.spec.ts","",""
"","1","Min length of email","Chromium","Mon Jul 21 14:48:18 ICT 2025","skipped","Mon Jul 21 14:48:18 ICT 2025","Employee Tests","employee.spec.ts","",""
"","10115","Max length of Evaluation Criteria Name is 255 characters","Chromium","Mon Jul 21 14:02:33 ICT 2025","passed","Mon Jul 21 14:02:43 ICT 2025","Evaluation Criteria Tests","evaluation\evaluation-criteria.spec.ts","",""
"","9914","Add reward type with duplicate name","Chromium","Mon Jul 21 14:28:07 ICT 2025","passed","Mon Jul 21 14:28:17 ICT 2025","Reward Type Tests","reward\reward-type.spec.ts","",""
"","9230","Max length of reward type description is 501 characters","Chromium","Mon Jul 21 14:27:38 ICT 2025","passed","Mon Jul 21 14:27:48 ICT 2025","Reward Type Tests","reward\reward-type.spec.ts","",""
"","10233","Max length of reward name is 255 characters","Chromium","Mon Jul 21 15:20:54 ICT 2025","passed","Mon Jul 21 15:21:04 ICT 2025","Reward Employee Tests","reward\reward-employee.spec.ts","",""
"","10262","Add with duplicate employee code and email","Chromium","Mon Jul 21 14:48:18 ICT 2025","passed","Mon Jul 21 14:48:28 ICT 2025","Employee Tests","employee.spec.ts","",""
"","6306","Search department by name","Chromium","Mon Jul 21 13:59:31 ICT 2025","passed","Mon Jul 21 13:59:37 ICT 2025","Department Test","department.spec.ts","",""
"","10045","Export resignation with no data","Chromium","Mon Jul 21 15:16:48 ICT 2025","passed","Mon Jul 21 15:16:58 ICT 2025","Resignation Tests","regisnation.spec.ts","",""
"","11110","Search by approved status","Chromium","Mon Jul 21 15:05:27 ICT 2025","passed","Mon Jul 21 15:05:38 ICT 2025","Leave Application Tests","leave\leave-application.spec.ts","",""
"","18157","Create with formal contract","Chromium","Mon Jul 21 13:52:18 ICT 2025","passed","Mon Jul 21 13:52:36 ICT 2025","Contract Tests","contract\contract.spec.ts","",""
"","9782","Edit lock status to active status","Chromium","Mon Jul 21 13:58:11 ICT 2025","passed","Mon Jul 21 13:58:21 ICT 2025","Department Test","department.spec.ts","",""
"","13304","Max length of short name 50 characters","Chromium","Mon Jul 21 13:49:50 ICT 2025","passed","Mon Jul 21 13:50:03 ICT 2025","Branch Test","branch.spec.ts","",""
"","6293","Login Successful With Valid Credentials","Chromium","Mon Jul 21 14:19:37 ICT 2025","passed","Mon Jul 21 14:19:43 ICT 2025","Login Tests","login.spec.ts","",""
"","11217","Search by name","Chromium","Mon Jul 21 14:33:19 ICT 2025","passed","Mon Jul 21 14:33:30 ICT 2025","Allowance Tests","salary\allowance.spec.ts","",""
"","14479","Create allowance with empty note","Chromium","Mon Jul 21 14:30:53 ICT 2025","passed","Mon Jul 21 14:31:08 ICT 2025","Allowance Tests","salary\allowance.spec.ts","",""
"","10031","Search by status","Chromium","Mon Jul 21 13:56:36 ICT 2025","passed","Mon Jul 21 13:56:46 ICT 2025","Term Tests","contract\term.spec.ts","",""
"","24074","E2E - Create Overtime Ticket And Send For Admin Approval","Chromium","Mon Jul 21 14:41:37 ICT 2025","passed","Mon Jul 21 14:42:01 ICT 2025","Overtime Ticket Test Suite","timekeeping\overtime-ticket.spec.ts","",""
"","9408","Edit code successfully","Chromium","Mon Jul 21 14:17:05 ICT 2025","passed","Mon Jul 21 14:17:15 ICT 2025","Level Test Suite","level.spec.ts","",""
"","7743","Search by employee name","Chromium","Mon Jul 21 15:23:43 ICT 2025","passed","Mon Jul 21 15:23:50 ICT 2025","Reward Employee Tests","reward\reward-employee.spec.ts","",""
"","17090","Search by name no existed","Chromium","Mon Jul 21 15:13:44 ICT 2025","passed","Mon Jul 21 15:14:02 ICT 2025","Position Tests","position.spec.ts","",""
"","13031","Edit position name and note successfully","Chromium","Mon Jul 21 15:13:16 ICT 2025","passed","Mon Jul 21 15:13:29 ICT 2025","Position Tests","position.spec.ts","",""
"","38149","E2E - Complete resignation reject process","Chromium","Mon Jul 21 15:14:49 ICT 2025","passed","Mon Jul 21 15:15:28 ICT 2025","Resignation Tests","regisnation.spec.ts","",""
"","9727","Edit note","Chromium","Mon Jul 21 13:48:41 ICT 2025","passed","Mon Jul 21 13:48:51 ICT 2025","Branch Test","branch.spec.ts","",""
"","9654","Edit name with duplicate name","Chromium","Mon Jul 21 14:17:15 ICT 2025","passed","Mon Jul 21 14:17:24 ICT 2025","Level Test Suite","level.spec.ts","",""
"","8587","Max length of description over 500 characters","Chromium","Mon Jul 21 15:21:23 ICT 2025","passed","Mon Jul 21 15:21:32 ICT 2025","Reward Employee Tests","reward\reward-employee.spec.ts","",""
"","6475","Maxlenght name with over 255 characters","Chromium","Mon Jul 21 13:57:01 ICT 2025","passed","Mon Jul 21 13:57:08 ICT 2025","Department Test","department.spec.ts","",""
"","17056","Edit day of leave application","Chromium","Mon Jul 21 15:07:16 ICT 2025","passed","Mon Jul 21 15:07:33 ICT 2025","Leave Application Tests","leave\leave-application.spec.ts","",""
"","11490","Create with duplicate code","Chromium","Mon Jul 21 14:16:14 ICT 2025","passed","Mon Jul 21 14:16:25 ICT 2025","Level Test Suite","level.spec.ts","",""
"","23846","Admin reject leave application","Chromium","Mon Jul 21 15:08:11 ICT 2025","passed","Mon Jul 21 15:08:35 ICT 2025","Leave Application Tests","leave\leave-application.spec.ts","",""
"","8732","Max lenghth of evaluation type description over 500 characters","Chromium","Mon Jul 21 14:07:19 ICT 2025","passed","Mon Jul 21 14:07:28 ICT 2025","Evaluation Type Tests","evaluation\evaluation-type.spec.ts","",""
"","11948","Max lenght of reason is 255 characters","Chromium","Mon Jul 21 15:04:40 ICT 2025","passed","Mon Jul 21 15:04:52 ICT 2025","Leave Application Tests","leave\leave-application.spec.ts","",""
"","12223","Search by employee code and name","Chromium","Mon Jul 21 14:48:59 ICT 2025","passed","Mon Jul 21 14:49:11 ICT 2025","Employee Tests","employee.spec.ts","",""
"","9550","Create department with valid data","Chromium","Mon Jul 21 13:57:34 ICT 2025","passed","Mon Jul 21 13:57:44 ICT 2025","Department Test","department.spec.ts","",""
"","10005","Edit lock status to active status","Chromium","Mon Jul 21 14:16:46 ICT 2025","passed","Mon Jul 21 14:16:56 ICT 2025","Level Test Suite","level.spec.ts","",""
"","13945","Max length of note over 500 characters","Chromium","Mon Jul 21 14:31:49 ICT 2025","passed","Mon Jul 21 14:32:03 ICT 2025","Allowance Tests","salary\allowance.spec.ts","",""
"","19422","Edit Evaluation Criteria","Chromium","Mon Jul 21 14:03:55 ICT 2025","passed","Mon Jul 21 14:04:14 ICT 2025","Evaluation Criteria Tests","evaluation\evaluation-criteria.spec.ts","",""
"Tìm kiếm loại đánh giá theo tên cụ thể và xác minh kết quả.","6790","Search Evaluation Type","Chromium","Mon Jul 21 14:08:04 ICT 2025","passed","Mon Jul 21 14:08:10 ICT 2025","Evaluation Type Tests","evaluation\evaluation-type.spec.ts","",""
"","12043","Test close salary but not browse","Chromium","Mon Jul 21 15:25:14 ICT 2025","passed","Mon Jul 21 15:25:26 ICT 2025","Paysheet Tests","salary\paysheet.spec.ts","",""
"","14055","Test max length of resume","Chromium","Mon Jul 21 14:46:10 ICT 2025","passed","Mon Jul 21 14:46:24 ICT 2025","Employee Tests","employee.spec.ts","",""
"","16188","Edit resignation reason with blank reason","Chromium","Mon Jul 21 15:14:33 ICT 2025","passed","Mon Jul 21 15:14:49 ICT 2025","Resignation Tests","regisnation.spec.ts","",""
"","8372","Max length of note over 500 characters","Chromium","Mon Jul 21 13:50:37 ICT 2025","passed","Mon Jul 21 13:50:45 ICT 2025","Branch Test","branch.spec.ts","",""
"","11475","Maxlength note paysheet 255 characters","Chromium","Mon Jul 21 15:27:54 ICT 2025","passed","Mon Jul 21 15:28:05 ICT 2025","Paysheet Tests","salary\paysheet.spec.ts","",""
"","10133","Max length of name and note","Chromium","Mon Jul 21 15:11:40 ICT 2025","passed","Mon Jul 21 15:11:50 ICT 2025","Position Tests","position.spec.ts","",""
"","9837","Max length note 255 character","Chromium","Mon Jul 21 13:55:32 ICT 2025","passed","Mon Jul 21 13:55:42 ICT 2025","Term Tests","contract\term.spec.ts","",""
"","9567","Add without set salary","Chromium","Mon Jul 21 14:47:23 ICT 2025","passed","Mon Jul 21 14:47:32 ICT 2025","Employee Tests","employee.spec.ts","",""
"","11497","Edit lock status to active status","Chromium","Mon Jul 21 13:47:42 ICT 2025","passed","Mon Jul 21 13:47:53 ICT 2025","Branch Test","branch.spec.ts","",""
"","18779","Cancel payslip","Chromium","Mon Jul 21 14:37:02 ICT 2025","passed","Mon Jul 21 14:37:21 ICT 2025","Payslip Tests","salary\payslip.spec.ts","",""
"","9706","Edit department name with duplicate name","Chromium","Mon Jul 21 13:58:40 ICT 2025","passed","Mon Jul 21 13:58:50 ICT 2025","Department Test","department.spec.ts","",""
"","7096","Edit name with valid data","Chromium","Mon Jul 21 13:56:21 ICT 2025","passed","Mon Jul 21 13:56:29 ICT 2025","Term Tests","contract\term.spec.ts","",""
"","10462","Create with collaborator contract","Chromium","Mon Jul 21 13:53:20 ICT 2025","passed","Mon Jul 21 13:53:30 ICT 2025","Contract Tests","contract\contract.spec.ts","",""
"","12841","Max length of notification name is 255 characters","Chromium","Mon Jul 21 15:07:03 ICT 2025","passed","Mon Jul 21 15:07:16 ICT 2025","Notification Test Suite","notification\notifition.spec.ts","",""
"","16846","Max length of work shift name over 255 characters","Chromium","Mon Jul 21 14:46:41 ICT 2025","passed","Mon Jul 21 14:46:58 ICT 2025","Work Shift Tests","work_shift\work_shift.spec.ts","",""
"","7031","Check in","Chromium","Mon Jul 21 14:40:53 ICT 2025","passed","Mon Jul 21 14:41:00 ICT 2025","Overtime Ticket Test Suite","timekeeping\overtime-ticket.spec.ts","",""
"","8621","Edit note","Chromium","Mon Jul 21 13:51:53 ICT 2025","passed","Mon Jul 21 13:52:02 ICT 2025","Contract Tests","contract\contract.spec.ts","",""
"","8031","Search by department","Chromium","Mon Jul 21 14:49:21 ICT 2025","passed","Mon Jul 21 14:49:29 ICT 2025","Employee Tests","employee.spec.ts","",""
"","9217","Create a new team with existing team name","Chromium","Mon Jul 21 14:37:31 ICT 2025","passed","Mon Jul 21 14:37:40 ICT 2025","Team","team.spec.ts","",""
"","10774","Max lengh of name 255 character","Chromium","Mon Jul 21 14:44:46 ICT 2025","passed","Mon Jul 21 14:44:57 ICT 2025","Shift Plan Tests","work_shift\shift_plan.spec.ts","",""
"","9051","Max length name over 255 character","Chromium","Mon Jul 21 13:55:23 ICT 2025","passed","Mon Jul 21 13:55:32 ICT 2025","Term Tests","contract\term.spec.ts","",""
"","5312","Login Unsuccessful With Empty Credentials","Chromium","Mon Jul 21 14:19:56 ICT 2025","passed","Mon Jul 21 14:20:01 ICT 2025","Login Tests","login.spec.ts","",""
"","35816","E2E Payroll and Payment Process with add more employee","Chromium","Mon Jul 21 15:24:38 ICT 2025","passed","Mon Jul 21 15:25:14 ICT 2025","Paysheet Tests","salary\paysheet.spec.ts","",""
"","7809","Delete evaluation type","Chromium","Mon Jul 21 14:54:21 ICT 2025","passed","Mon Jul 21 14:54:29 ICT 2025","Evaluation Criteria Tests","evaluation\evaluation-process.spec.ts","",""
"","10175","Maxleght team code 100 characters","Chromium","Mon Jul 21 14:39:27 ICT 2025","passed","Mon Jul 21 14:39:37 ICT 2025","Team","team.spec.ts","",""
"","12154","Delete allowance","Chromium","Mon Jul 21 14:33:06 ICT 2025","passed","Mon Jul 21 14:33:19 ICT 2025","Allowance Tests","salary\allowance.spec.ts","",""
"","12040","Search by employee name","Chromium","Mon Jul 21 14:56:00 ICT 2025","passed","Mon Jul 21 14:56:12 ICT 2025","Evaluation Criteria Tests","evaluation\evaluation-process.spec.ts","",""
"","15177","Search by name","Chromium","Mon Jul 21 15:13:29 ICT 2025","passed","Mon Jul 21 15:13:44 ICT 2025","Position Tests","position.spec.ts","",""
"","10135","Search by status","Chromium","Mon Jul 21 13:59:43 ICT 2025","passed","Mon Jul 21 13:59:53 ICT 2025","Department Test","department.spec.ts","",""
"","12","Send notification to personal","Chromium","Mon Jul 21 15:09:18 ICT 2025","skipped","Mon Jul 21 15:09:18 ICT 2025","Notification Test Suite","notification\notifition.spec.ts","",""
"","10859","Add after cancel evaluation","Chromium","Mon Jul 21 14:55:28 ICT 2025","passed","Mon Jul 21 14:55:39 ICT 2025","Evaluation Criteria Tests","evaluation\evaluation-process.spec.ts","",""
"","11855","Add shift plan for department","Chromium","Mon Jul 21 14:45:07 ICT 2025","passed","Mon Jul 21 14:45:19 ICT 2025","Shift Plan Tests","work_shift\shift_plan.spec.ts","",""
"","8671","Max length of Evaluation Criteria Name over 255 characters","Chromium","Mon Jul 21 14:02:43 ICT 2025","passed","Mon Jul 21 14:02:52 ICT 2025","Evaluation Criteria Tests","evaluation\evaluation-criteria.spec.ts","",""
"","9742","Maxlenght note with 255 characters","Chromium","Mon Jul 21 13:57:08 ICT 2025","passed","Mon Jul 21 13:57:18 ICT 2025","Department Test","department.spec.ts","",""
"","10841","Max length of reward type name is 255 characters","Chromium","Mon Jul 21 14:27:07 ICT 2025","passed","Mon Jul 21 14:27:18 ICT 2025","Reward Type Tests","reward\reward-type.spec.ts","",""
"","16665","E2E - Create contract with probation and confirm contract","Chromium","Mon Jul 21 13:52:02 ICT 2025","passed","Mon Jul 21 13:52:18 ICT 2025","Contract Tests","contract\contract.spec.ts","",""
"Create Evaluation Type with Valid Data and Check Existence in Database.","7618","Add evaluation type with valid data and check in database","Chromium","Mon Jul 21 14:07:28 ICT 2025","passed","Mon Jul 21 14:07:36 ICT 2025","Evaluation Type Tests","evaluation\evaluation-type.spec.ts","",""
"","7768","Search by employee name and year","Chromium","Mon Jul 21 14:14:40 ICT 2025","passed","Mon Jul 21 14:14:47 ICT 2025","Leave Management Tests","leave\leave-management.spec.ts","",""
"","20440","Send debt and browse","Chromium","Mon Jul 21 15:35:56 ICT 2025","passed","Mon Jul 21 15:36:16 ICT 2025","Debt Tests","salary\debt.spec.ts","",""
"","23377","Add annual leave with status wait for approval and admin browsed","Chromium","Mon Jul 21 14:13:54 ICT 2025","passed","Mon Jul 21 14:14:17 ICT 2025","Leave Management Tests","leave\leave-management.spec.ts","",""
"","6357","Search by regular leave application","Chromium","Mon Jul 21 15:05:47 ICT 2025","passed","Mon Jul 21 15:05:53 ICT 2025","Leave Application Tests","leave\leave-application.spec.ts","",""
"","27693","E2E - Reject Overtime Ticket","Chromium","Mon Jul 21 14:42:01 ICT 2025","passed","Mon Jul 21 14:42:29 ICT 2025","Overtime Ticket Test Suite","timekeeping\overtime-ticket.spec.ts","",""
"","13842","Edit allowance name","Chromium","Mon Jul 21 14:32:03 ICT 2025","passed","Mon Jul 21 14:32:17 ICT 2025","Allowance Tests","salary\allowance.spec.ts","",""
"","9719","Edit status","Chromium","Mon Jul 21 13:55:52 ICT 2025","passed","Mon Jul 21 13:56:02 ICT 2025","Term Tests","contract\term.spec.ts","",""
"","13388","Cancel debt with new status","Chromium","Mon Jul 21 15:36:54 ICT 2025","passed","Mon Jul 21 15:37:07 ICT 2025","Debt Tests","salary\debt.spec.ts","",""
"","27869","Add leave application with special leave and send to admin -> admin approve","Chromium","Mon Jul 21 15:09:46 ICT 2025","passed","Mon Jul 21 15:10:14 ICT 2025","Leave Application Tests","leave\leave-application.spec.ts","",""
"","11195","Edit team name","Chromium","Mon Jul 21 14:38:27 ICT 2025","passed","Mon Jul 21 14:38:38 ICT 2025","Team","team.spec.ts","",""
"","11859","Add new notification with event notification type","Chromium","Mon Jul 21 15:07:45 ICT 2025","passed","Mon Jul 21 15:07:57 ICT 2025","Notification Test Suite","notification\notifition.spec.ts","",""
"","9830","Manager create reward with approved status","Chromium","Mon Jul 21 15:22:39 ICT 2025","passed","Mon Jul 21 15:22:48 ICT 2025","Reward Employee Tests","reward\reward-employee.spec.ts","",""
"","10044","Search by gender","Chromium","Mon Jul 21 14:49:11 ICT 2025","passed","Mon Jul 21 14:49:21 ICT 2025","Employee Tests","employee.spec.ts","",""
"","10419","Create a new team","Chromium","Mon Jul 21 14:37:21 ICT 2025","passed","Mon Jul 21 14:37:31 ICT 2025","Team","team.spec.ts","",""
"","10500","Max length of reward type name is 256 characters","Chromium","Mon Jul 21 14:27:18 ICT 2025","passed","Mon Jul 21 14:27:29 ICT 2025","Reward Type Tests","reward\reward-type.spec.ts","",""
"","10461","Max lengh of name over 255 character","Chromium","Mon Jul 21 14:44:57 ICT 2025","passed","Mon Jul 21 14:45:07 ICT 2025","Shift Plan Tests","work_shift\shift_plan.spec.ts","",""
"","7089","Login Unsuccessful With Invalid Username","Chromium","Mon Jul 21 14:20:14 ICT 2025","passed","Mon Jul 21 14:20:21 ICT 2025","Login Tests","login.spec.ts","",""
"","10547","Add debt with valid value","Chromium","Mon Jul 21 15:35:12 ICT 2025","passed","Mon Jul 21 15:35:23 ICT 2025","Debt Tests","salary\debt.spec.ts","",""
"","10546","Add debt with empty value","Chromium","Mon Jul 21 15:35:02 ICT 2025","passed","Mon Jul 21 15:35:12 ICT 2025","Debt Tests","salary\debt.spec.ts","",""
"","1941","Test forgot password with empty email","Chromium","Mon Jul 21 14:08:17 ICT 2025","passed","Mon Jul 21 14:08:19 ICT 2025","Forgot Password Test Suite","forgot-password.spec.ts","",""
"","8270","Delete Evaluation Criteria","Chromium","Mon Jul 21 14:04:14 ICT 2025","passed","Mon Jul 21 14:04:23 ICT 2025","Evaluation Criteria Tests","evaluation\evaluation-criteria.spec.ts","",""
"","9640","Edit note successfully","Chromium","Mon Jul 21 13:58:30 ICT 2025","passed","Mon Jul 21 13:58:40 ICT 2025","Department Test","department.spec.ts","",""
"","11022","Create term with lock status","Chromium","Mon Jul 21 13:55:01 ICT 2025","passed","Mon Jul 21 13:55:12 ICT 2025","Term Tests","contract\term.spec.ts","",""
"","12881","Export excel by all month 05","Chromium","Mon Jul 21 15:26:30 ICT 2025","passed","Mon Jul 21 15:26:43 ICT 2025","Paysheet Tests","salary\paysheet.spec.ts","",""
"","6161","Search by name","Chromium","Mon Jul 21 14:18:07 ICT 2025","passed","Mon Jul 21 14:18:14 ICT 2025","Level Test Suite","level.spec.ts","",""
"","11060","Max length of note over 255 characters","Chromium","Mon Jul 21 15:34:50 ICT 2025","passed","Mon Jul 21 15:35:02 ICT 2025","Debt Tests","salary\debt.spec.ts","",""
"","11358","Send notification to department","Chromium","Mon Jul 21 15:09:07 ICT 2025","passed","Mon Jul 21 15:09:18 ICT 2025","Notification Test Suite","notification\notifition.spec.ts","",""
"","9613","Create reward with empty description and note","Chromium","Mon Jul 21 15:23:06 ICT 2025","passed","Mon Jul 21 15:23:16 ICT 2025","Reward Employee Tests","reward\reward-employee.spec.ts","",""
"","7707","Edit with remove employee","Chromium","Mon Jul 21 14:45:39 ICT 2025","passed","Mon Jul 21 14:45:46 ICT 2025","Shift Plan Tests","work_shift\shift_plan.spec.ts","",""
"","12204","Max length of note 500 characters","Chromium","Mon Jul 21 13:50:13 ICT 2025","passed","Mon Jul 21 13:50:25 ICT 2025","Branch Test","branch.spec.ts","",""
"","9978","Create New Position Successfully","Chromium","Mon Jul 21 15:12:27 ICT 2025","passed","Mon Jul 21 15:12:37 ICT 2025","Position Tests","position.spec.ts","",""
"","10485","Max lenghth of evaluation type name is 255 characters","Chromium","Mon Jul 21 14:06:51 ICT 2025","passed","Mon Jul 21 14:07:01 ICT 2025","Evaluation Type Tests","evaluation\evaluation-type.spec.ts","",""
"","25449","Add leave application with social insurance leave and send to admin -> admin approve","Chromium","Mon Jul 21 15:09:00 ICT 2025","passed","Mon Jul 21 15:09:26 ICT 2025","Leave Application Tests","leave\leave-application.spec.ts","",""
"","18445","E2E reward employee - manager send reward to admin reject","Chromium","Mon Jul 21 15:22:11 ICT 2025","passed","Mon Jul 21 15:22:29 ICT 2025","Reward Employee Tests","reward\reward-employee.spec.ts","",""
"","10625","Add shift plan for an employee","Chromium","Mon Jul 21 14:45:19 ICT 2025","passed","Mon Jul 21 14:45:30 ICT 2025","Shift Plan Tests","work_shift\shift_plan.spec.ts","",""
"","9431","Create with blank data","Chromium","Mon Jul 21 13:47:22 ICT 2025","passed","Mon Jul 21 13:47:32 ICT 2025","Branch Test","branch.spec.ts","",""
"","12038","Maxleght team name 255 characters","Chromium","Mon Jul 21 14:39:08 ICT 2025","passed","Mon Jul 21 14:39:20 ICT 2025","Team","team.spec.ts","",""
"","8331","Search by month","Chromium","Mon Jul 21 15:05:02 ICT 2025","passed","Mon Jul 21 15:05:10 ICT 2025","Leave Application Tests","leave\leave-application.spec.ts","",""
"","7831","Max length of branch name over 255 characters","Chromium","Mon Jul 21 13:49:42 ICT 2025","passed","Mon Jul 21 13:49:50 ICT 2025","Branch Test","branch.spec.ts","",""
"","10144","Edit number of employee","Chromium","Mon Jul 21 13:48:13 ICT 2025","passed","Mon Jul 21 13:48:23 ICT 2025","Branch Test","branch.spec.ts","",""
"","7764","Edit phone number","Chromium","Mon Jul 21 13:48:23 ICT 2025","passed","Mon Jul 21 13:48:31 ICT 2025","Branch Test","branch.spec.ts","",""
"","12964","Add with invalid email","Chromium","Mon Jul 21 14:48:05 ICT 2025","passed","Mon Jul 21 14:48:18 ICT 2025","Employee Tests","employee.spec.ts","",""
"","13260","Create duplicate allowance name with backspace","Chromium","Mon Jul 21 14:30:12 ICT 2025","passed","Mon Jul 21 14:30:26 ICT 2025","Allowance Tests","salary\allowance.spec.ts","",""
"","6154","Search by approve status","Chromium","Mon Jul 21 14:15:01 ICT 2025","passed","Mon Jul 21 14:15:07 ICT 2025","Leave Management Tests","leave\leave-management.spec.ts","",""
"","4956","Login Successful With Employee Account","Chromium","Mon Jul 21 14:19:43 ICT 2025","passed","Mon Jul 21 14:19:48 ICT 2025","Login Tests","login.spec.ts","",""
"","7886","Cancel reward","Chromium","Mon Jul 21 15:22:58 ICT 2025","passed","Mon Jul 21 15:23:06 ICT 2025","Reward Employee Tests","reward\reward-employee.spec.ts","",""
"","13907","Export only one a employee","Chromium","Mon Jul 21 14:36:36 ICT 2025","passed","Mon Jul 21 14:36:49 ICT 2025","Payslip Tests","salary\payslip.spec.ts","",""
"","7341","Search by work shift","Chromium","Mon Jul 21 14:46:05 ICT 2025","passed","Mon Jul 21 14:46:12 ICT 2025","Shift Plan Tests","work_shift\shift_plan.spec.ts","",""
"","8895","Maxlenght team code 101 characters","Chromium","Mon Jul 21 14:39:37 ICT 2025","passed","Mon Jul 21 14:39:46 ICT 2025","Team","team.spec.ts","",""
"","9056","Maxlength note paysheet over 255 characters","Chromium","Mon Jul 21 15:27:44 ICT 2025","passed","Mon Jul 21 15:27:54 ICT 2025","Paysheet Tests","salary\paysheet.spec.ts","",""
"","9481","Search by start date","Chromium","Mon Jul 21 13:53:46 ICT 2025","passed","Mon Jul 21 13:53:56 ICT 2025","Contract Tests","contract\contract.spec.ts","",""
"","6492","Save without any information","Chromium","Mon Jul 21 14:49:29 ICT 2025","passed","Mon Jul 21 14:49:36 ICT 2025","Employee Tests","employee.spec.ts","",""
"","25027","Add leave application with regular leave and send to admin -> admin approve","Chromium","Mon Jul 21 15:08:35 ICT 2025","passed","Mon Jul 21 15:09:00 ICT 2025","Leave Application Tests","leave\leave-application.spec.ts","",""
"","24270","E2E - Cancel Overtime Ticket","Chromium","Mon Jul 21 14:43:09 ICT 2025","passed","Mon Jul 21 14:43:33 ICT 2025","Overtime Ticket Test Suite","timekeeping\overtime-ticket.spec.ts","",""
"","13609","Max length of note 500 characters","Chromium","Mon Jul 21 14:31:35 ICT 2025","passed","Mon Jul 21 14:31:49 ICT 2025","Allowance Tests","salary\allowance.spec.ts","",""
"","7389","Delete department successfully","Chromium","Mon Jul 21 13:59:23 ICT 2025","passed","Mon Jul 21 13:59:31 ICT 2025","Department Test","department.spec.ts","",""
"","7282","Search by special leave application","Chromium","Mon Jul 21 15:06:08 ICT 2025","passed","Mon Jul 21 15:06:15 ICT 2025","Leave Application Tests","leave\leave-application.spec.ts","",""
"","10939","Edit employee code","Chromium","Mon Jul 21 14:48:40 ICT 2025","passed","Mon Jul 21 14:48:51 ICT 2025","Employee Tests","employee.spec.ts","",""
"","25031","Add with blank reason","Chromium","Mon Jul 21 14:10:44 ICT 2025","passed","Mon Jul 21 14:11:09 ICT 2025","Holiday Management","holiday-management.spec.ts","",""
"","8797","Edit name with blank name","Chromium","Mon Jul 21 14:17:34 ICT 2025","passed","Mon Jul 21 14:17:43 ICT 2025","Level Test Suite","level.spec.ts","",""
"","11518","Add new notification with urgent notification type","Chromium","Mon Jul 21 15:08:44 ICT 2025","passed","Mon Jul 21 15:08:55 ICT 2025","Notification Test Suite","notification\notifition.spec.ts","",""
"","8382","Edit base salary","Chromium","Mon Jul 21 13:51:45 ICT 2025","passed","Mon Jul 21 13:51:53 ICT 2025","Contract Tests","contract\contract.spec.ts","",""
"","10254","Add a new evaluation process company form","Chromium","Mon Jul 21 14:54:01 ICT 2025","passed","Mon Jul 21 14:54:12 ICT 2025","Evaluation Criteria Tests","evaluation\evaluation-process.spec.ts","",""
"","17191","List evaluation - Search by status","Chromium","Mon Jul 21 14:56:20 ICT 2025","passed","Mon Jul 21 14:56:37 ICT 2025","Evaluation Criteria Tests","evaluation\evaluation-process.spec.ts","",""
"","10472","Search by status","Chromium","Mon Jul 21 14:18:20 ICT 2025","passed","Mon Jul 21 14:18:30 ICT 2025","Level Test Suite","level.spec.ts","",""
"","22315","Max length name and reason holiday management 255 characters","Chromium","Mon Jul 21 14:08:22 ICT 2025","passed","Mon Jul 21 14:08:44 ICT 2025","Holiday Management","holiday-management.spec.ts","",""
"","10069","Max length of name","Chromium","Mon Jul 21 14:18:37 ICT 2025","passed","Mon Jul 21 14:18:47 ICT 2025","Level Test Suite","level.spec.ts","",""
"","8707","Cancel Paysheet","Chromium","Mon Jul 21 15:26:06 ICT 2025","passed","Mon Jul 21 15:26:15 ICT 2025","Paysheet Tests","salary\paysheet.spec.ts","",""
"","8733","Create department with empty name","Chromium","Mon Jul 21 13:57:53 ICT 2025","passed","Mon Jul 21 13:58:02 ICT 2025","Department Test","department.spec.ts","",""
"","13601","Edit and delete work shift","Chromium","Mon Jul 21 14:47:21 ICT 2025","passed","Mon Jul 21 14:47:34 ICT 2025","Work Shift Tests","work_shift\work_shift.spec.ts","",""
"","10876","Add Paysheet With All Employees","Chromium","Mon Jul 21 15:25:55 ICT 2025","passed","Mon Jul 21 15:26:06 ICT 2025","Paysheet Tests","salary\paysheet.spec.ts","",""
"","19779","Test resume with full data valid information","Chromium","Mon Jul 21 14:46:45 ICT 2025","passed","Mon Jul 21 14:47:05 ICT 2025","Employee Tests","employee.spec.ts","",""
"","33252","E2E - Add Holiday Management","Chromium","Mon Jul 21 14:09:29 ICT 2025","passed","Mon Jul 21 14:10:03 ICT 2025","Holiday Management","holiday-management.spec.ts","",""
"","6563","Search with no data","Chromium","Mon Jul 21 14:18:30 ICT 2025","passed","Mon Jul 21 14:18:37 ICT 2025","Level Test Suite","level.spec.ts","",""
"","10563","Add Reward Type with lock status","Chromium","Mon Jul 21 14:28:17 ICT 2025","passed","Mon Jul 21 14:28:28 ICT 2025","Reward Type Tests","reward\reward-type.spec.ts","",""
"","13804","Delete level successfully","Chromium","Mon Jul 21 14:17:54 ICT 2025","passed","Mon Jul 21 14:18:07 ICT 2025","Level Test Suite","level.spec.ts","",""
"","6920","Search by reject status","Chromium","Mon Jul 21 14:14:54 ICT 2025","passed","Mon Jul 21 14:15:01 ICT 2025","Leave Management Tests","leave\leave-management.spec.ts","",""
"","11332","Edit department name with empty name","Chromium","Mon Jul 21 13:58:50 ICT 2025","passed","Mon Jul 21 13:59:01 ICT 2025","Department Test","department.spec.ts","",""
"","29723","Search by status","Chromium","Mon Jul 21 15:14:02 ICT 2025","passed","Mon Jul 21 15:14:31 ICT 2025","Position Tests","position.spec.ts","",""
"","9518","Create reward with valid information","Chromium","Mon Jul 21 15:22:29 ICT 2025","passed","Mon Jul 21 15:22:39 ICT 2025","Reward Employee Tests","reward\reward-employee.spec.ts","",""
"","16231","Add with blank name","Chromium","Mon Jul 21 14:11:09 ICT 2025","passed","Mon Jul 21 14:11:25 ICT 2025","Holiday Management","holiday-management.spec.ts","",""
"","40085","E2E - Edit Pending Overtime Ticket When Rejected","Chromium","Mon Jul 21 14:42:29 ICT 2025","passed","Mon Jul 21 14:43:09 ICT 2025","Overtime Ticket Test Suite","timekeeping\overtime-ticket.spec.ts","",""
"","10929","Max length of reason over 255 characters","Chromium","Mon Jul 21 15:13:34 ICT 2025","passed","Mon Jul 21 15:13:45 ICT 2025","Resignation Tests","regisnation.spec.ts","",""
"","11425","Create with duplicate short name","Chromium","Mon Jul 21 13:46:48 ICT 2025","passed","Mon Jul 21 13:46:59 ICT 2025","Branch Test","branch.spec.ts","",""
"","14146","Search by status","Chromium","Mon Jul 21 15:24:11 ICT 2025","passed","Mon Jul 21 15:24:25 ICT 2025","Reward Employee Tests","reward\reward-employee.spec.ts","",""
"","24171","Max length name holiday management over 255 characters","Chromium","Mon Jul 21 14:08:44 ICT 2025","passed","Mon Jul 21 14:09:08 ICT 2025","Holiday Management","holiday-management.spec.ts","",""
"","9460","Create level successfully","Chromium","Mon Jul 21 14:15:23 ICT 2025","passed","Mon Jul 21 14:15:33 ICT 2025","Level Test Suite","level.spec.ts","",""
"","8747","Create with min number of employee","Chromium","Mon Jul 21 13:46:29 ICT 2025","passed","Mon Jul 21 13:46:38 ICT 2025","Branch Test","branch.spec.ts","",""
"","10641","Add reward type with empty name","Chromium","Mon Jul 21 14:27:48 ICT 2025","passed","Mon Jul 21 14:27:58 ICT 2025","Reward Type Tests","reward\reward-type.spec.ts","",""
"","7485","Edit content with valid data","Chromium","Mon Jul 21 13:56:29 ICT 2025","passed","Mon Jul 21 13:56:36 ICT 2025","Term Tests","contract\term.spec.ts","",""
"","9326","Edit department name successfully","Chromium","Mon Jul 21 13:58:21 ICT 2025","passed","Mon Jul 21 13:58:30 ICT 2025","Department Test","department.spec.ts","",""
"","9464","Create level with blank name","Chromium","Mon Jul 21 14:15:33 ICT 2025","passed","Mon Jul 21 14:15:42 ICT 2025","Level Test Suite","level.spec.ts","",""
"","9435","Search by reward type","Chromium","Mon Jul 21 15:23:50 ICT 2025","passed","Mon Jul 21 15:24:00 ICT 2025","Reward Employee Tests","reward\reward-employee.spec.ts","",""
"","10408","Add Paysheet Without Name","Chromium","Mon Jul 21 15:25:45 ICT 2025","passed","Mon Jul 21 15:25:55 ICT 2025","Paysheet Tests","salary\paysheet.spec.ts","",""
"","8075","Max length of branch address over 500 characters","Chromium","Mon Jul 21 13:50:45 ICT 2025","passed","Mon Jul 21 13:50:54 ICT 2025","Branch Test","branch.spec.ts","",""
"","10060","Edit branch name","Chromium","Mon Jul 21 13:47:53 ICT 2025","passed","Mon Jul 21 13:48:03 ICT 2025","Branch Test","branch.spec.ts","",""
"","48568","E2E Payroll and Payment Process","Chromium","Mon Jul 21 15:23:35 ICT 2025","passed","Mon Jul 21 15:24:23 ICT 2025","Paysheet Tests","salary\paysheet.spec.ts","",""
"","10027","Max lenght of reason over 255 characters","Chromium","Mon Jul 21 15:04:52 ICT 2025","passed","Mon Jul 21 15:05:02 ICT 2025","Leave Application Tests","leave\leave-application.spec.ts","",""
"","6311","Search by branch name","Chromium","Mon Jul 21 13:49:17 ICT 2025","passed","Mon Jul 21 13:49:24 ICT 2025","Branch Test","branch.spec.ts","",""
"","7254","Export excel by all current month","Chromium","Mon Jul 21 15:26:15 ICT 2025","passed","Mon Jul 21 15:26:22 ICT 2025","Paysheet Tests","salary\paysheet.spec.ts","",""
"","12704","Search by name and code of a work shift","Chromium","Mon Jul 21 14:47:34 ICT 2025","passed","Mon Jul 21 14:47:47 ICT 2025","Work Shift Tests","work_shift\work_shift.spec.ts","",""
"","19771","E2E reward employee - manager send reward to admin approve","Chromium","Mon Jul 21 15:21:51 ICT 2025","passed","Mon Jul 21 15:22:11 ICT 2025","Reward Employee Tests","reward\reward-employee.spec.ts","",""
"","9251","Maxlength name paysheet over 245 characters","Chromium","Mon Jul 21 15:27:35 ICT 2025","passed","Mon Jul 21 15:27:44 ICT 2025","Paysheet Tests","salary\paysheet.spec.ts","",""
"","7350","Search by social insurance leave application","Chromium","Mon Jul 21 15:05:53 ICT 2025","passed","Mon Jul 21 15:06:00 ICT 2025","Leave Application Tests","leave\leave-application.spec.ts","",""
"","9769","Edit active status to lock status","Chromium","Mon Jul 21 13:58:02 ICT 2025","passed","Mon Jul 21 13:58:11 ICT 2025","Department Test","department.spec.ts","",""
"","9718","Max length of Evaluation Criteria Description is 500 characters","Chromium","Mon Jul 21 14:02:52 ICT 2025","passed","Mon Jul 21 14:03:02 ICT 2025","Evaluation Criteria Tests","evaluation\evaluation-criteria.spec.ts","",""
"","9054","Max length of reward name over 255 characters","Chromium","Mon Jul 21 15:21:04 ICT 2025","passed","Mon Jul 21 15:21:13 ICT 2025","Reward Employee Tests","reward\reward-employee.spec.ts","",""
"","10993","Search by date","Chromium","Mon Jul 21 15:24:00 ICT 2025","passed","Mon Jul 21 15:24:11 ICT 2025","Reward Employee Tests","reward\reward-employee.spec.ts","",""
"","11012","Edit name with empty name","Chromium","Mon Jul 21 13:56:02 ICT 2025","passed","Mon Jul 21 13:56:13 ICT 2025","Term Tests","contract\term.spec.ts","",""
"","11025","Search by branch","Chromium","Mon Jul 21 14:48:00 ICT 2025","passed","Mon Jul 21 14:48:11 ICT 2025","Work Shift Tests","work_shift\work_shift.spec.ts","",""
"","9735","Edit position active to lock status","Chromium","Mon Jul 21 15:12:37 ICT 2025","passed","Mon Jul 21 15:12:47 ICT 2025","Position Tests","position.spec.ts","",""
"","8949","Max length of over 255 charactor of note","Chromium","Mon Jul 21 15:11:59 ICT 2025","passed","Mon Jul 21 15:12:08 ICT 2025","Position Tests","position.spec.ts","",""
"","9842","Create term with duplicate name","Chromium","Mon Jul 21 13:54:52 ICT 2025","passed","Mon Jul 21 13:55:01 ICT 2025","Term Tests","contract\term.spec.ts","",""
"","20110","Add leave application with maternity leave and send to admin -> admin approve","Chromium","Mon Jul 21 15:09:26 ICT 2025","passed","Mon Jul 21 15:09:46 ICT 2025","Leave Application Tests","leave\leave-application.spec.ts","",""
"","8791","Create Criteria without any field","Chromium","Mon Jul 21 14:03:10 ICT 2025","passed","Mon Jul 21 14:03:19 ICT 2025","Evaluation Criteria Tests","evaluation\evaluation-criteria.spec.ts","",""
"","18126","Create with duplicate name","Chromium","Mon Jul 21 14:15:56 ICT 2025","passed","Mon Jul 21 14:16:14 ICT 2025","Level Test Suite","level.spec.ts","",""
"","12990","Create with lock status","Chromium","Mon Jul 21 14:30:40 ICT 2025","passed","Mon Jul 21 14:30:53 ICT 2025","Allowance Tests","salary\allowance.spec.ts","",""
"","8140","Create with blank name and reason","Chromium","Mon Jul 21 14:41:00 ICT 2025","passed","Mon Jul 21 14:41:08 ICT 2025","Overtime Ticket Test Suite","timekeeping\overtime-ticket.spec.ts","",""
"","10045","Create with duplicate branch name","Chromium","Mon Jul 21 13:46:38 ICT 2025","passed","Mon Jul 21 13:46:48 ICT 2025","Branch Test","branch.spec.ts","",""
"","10883","Max length of notification description is 500 characters","Chromium","Mon Jul 21 15:07:27 ICT 2025","passed","Mon Jul 21 15:07:38 ICT 2025","Notification Test Suite","notification\notifition.spec.ts","",""
"","18819","Seach","Chromium","Mon Jul 21 14:40:12 ICT 2025","passed","Mon Jul 21 14:40:31 ICT 2025","Team","team.spec.ts","",""
"","15487","Edit allowance money","Chromium","Mon Jul 21 14:32:17 ICT 2025","passed","Mon Jul 21 14:32:32 ICT 2025","Allowance Tests","salary\allowance.spec.ts","",""
"","14260","Max length of reason","Chromium","Mon Jul 21 15:13:19 ICT 2025","passed","Mon Jul 21 15:13:34 ICT 2025","Resignation Tests","regisnation.spec.ts","",""
"","7535","Search by anual leave application","Chromium","Mon Jul 21 15:06:00 ICT 2025","passed","Mon Jul 21 15:06:08 ICT 2025","Leave Application Tests","leave\leave-application.spec.ts","",""
"","11308","Max length of allowance over 255 characters","Chromium","Mon Jul 21 14:31:24 ICT 2025","passed","Mon Jul 21 14:31:35 ICT 2025","Allowance Tests","salary\allowance.spec.ts","",""
"","32349","E2E - Complete resignation approval process","Chromium","Mon Jul 21 15:15:28 ICT 2025","passed","Mon Jul 21 15:16:00 ICT 2025","Resignation Tests","regisnation.spec.ts","",""
"","22610","Add annual leave for a department","Chromium","Mon Jul 21 14:14:17 ICT 2025","passed","Mon Jul 21 14:14:40 ICT 2025","Leave Management Tests","leave\leave-management.spec.ts","",""
"","9543","Max lenghth of evaluation type description is 500 characters","Chromium","Mon Jul 21 14:07:10 ICT 2025","passed","Mon Jul 21 14:07:19 ICT 2025","Evaluation Type Tests","evaluation\evaluation-type.spec.ts","",""
"","14144","Edit end date","Chromium","Mon Jul 21 13:53:05 ICT 2025","passed","Mon Jul 21 13:53:20 ICT 2025","Contract Tests","contract\contract.spec.ts","",""
"","9396","Edit name successfully","Chromium","Mon Jul 21 14:16:56 ICT 2025","passed","Mon Jul 21 14:17:05 ICT 2025","Level Test Suite","level.spec.ts","",""
"","22840","Create new work shift","Chromium","Mon Jul 21 14:46:58 ICT 2025","passed","Mon Jul 21 14:47:21 ICT 2025","Work Shift Tests","work_shift\work_shift.spec.ts","",""
"","9520","Maxlength of reason over 255 characters","Chromium","Mon Jul 21 14:40:31 ICT 2025","passed","Mon Jul 21 14:40:41 ICT 2025","Overtime Ticket Test Suite","timekeeping\overtime-ticket.spec.ts","",""
"","8311","Search by rejected status","Chromium","Mon Jul 21 15:05:38 ICT 2025","passed","Mon Jul 21 15:05:47 ICT 2025","Leave Application Tests","leave\leave-application.spec.ts","",""
"","10097","Export resignation requests to Excel","Chromium","Mon Jul 21 15:16:38 ICT 2025","passed","Mon Jul 21 15:16:48 ICT 2025","Resignation Tests","regisnation.spec.ts","",""
"","11740","Add a new evaluation process department form","Chromium","Mon Jul 21 14:54:29 ICT 2025","passed","Mon Jul 21 14:54:41 ICT 2025","Evaluation Criteria Tests","evaluation\evaluation-process.spec.ts","",""
"","8969","Search by name","Chromium","Mon Jul 21 13:54:06 ICT 2025","passed","Mon Jul 21 13:54:15 ICT 2025","Contract Tests","contract\contract.spec.ts","",""
"","8404","Search by maternity leave application","Chromium","Mon Jul 21 15:06:15 ICT 2025","passed","Mon Jul 21 15:06:24 ICT 2025","Leave Application Tests","leave\leave-application.spec.ts","",""
"Chỉnh sửa loại đánh giá từ trạng thái hoạt động sang trạng thái khóa.","9938","Edit activity to lock status","Chromium","Mon Jul 21 14:07:45 ICT 2025","passed","Mon Jul 21 14:07:55 ICT 2025","Evaluation Type Tests","evaluation\evaluation-type.spec.ts","",""
"","10471","Delete shift plan","Chromium","Mon Jul 21 14:46:12 ICT 2025","passed","Mon Jul 21 14:46:23 ICT 2025","Shift Plan Tests","work_shift\shift_plan.spec.ts","",""
"","20966","Max length reason holiday management over 255 characters","Chromium","Mon Jul 21 14:09:08 ICT 2025","passed","Mon Jul 21 14:09:29 ICT 2025","Holiday Management","holiday-management.spec.ts","",""
"","10941","Edit code with blank code","Chromium","Mon Jul 21 14:17:43 ICT 2025","passed","Mon Jul 21 14:17:54 ICT 2025","Level Test Suite","level.spec.ts","",""
"","11008","Evaluation employee","Chromium","Mon Jul 21 14:55:01 ICT 2025","passed","Mon Jul 21 14:55:12 ICT 2025","Evaluation Criteria Tests","evaluation\evaluation-process.spec.ts","",""
"","8853","Max length of name over 255","Chromium","Mon Jul 21 14:19:16 ICT 2025","passed","Mon Jul 21 14:19:25 ICT 2025","Level Test Suite","level.spec.ts","",""
"","9704","Edit active status to lock status","Chromium","Mon Jul 21 14:16:36 ICT 2025","passed","Mon Jul 21 14:16:46 ICT 2025","Level Test Suite","level.spec.ts","",""
"","9137","Delete notification","Chromium","Mon Jul 21 15:09:18 ICT 2025","passed","Mon Jul 21 15:09:27 ICT 2025","Notification Test Suite","notification\notifition.spec.ts","",""
"","8757","Max length of Evaluation Criteria Description over 500 characters","Chromium","Mon Jul 21 14:03:02 ICT 2025","passed","Mon Jul 21 14:03:10 ICT 2025","Evaluation Criteria Tests","evaluation\evaluation-criteria.spec.ts","",""
"","9700","Edit branch address","Chromium","Mon Jul 21 13:48:31 ICT 2025","passed","Mon Jul 21 13:48:41 ICT 2025","Branch Test","branch.spec.ts","",""
"","9686","Admin create reward with approved status","Chromium","Mon Jul 21 15:22:48 ICT 2025","passed","Mon Jul 21 15:22:58 ICT 2025","Reward Employee Tests","reward\reward-employee.spec.ts","",""
"","8543","Delete contract","Chromium","Mon Jul 21 13:54:15 ICT 2025","passed","Mon Jul 21 13:54:23 ICT 2025","Contract Tests","contract\contract.spec.ts","",""
"","10429","Max length of note","Chromium","Mon Jul 21 14:18:57 ICT 2025","passed","Mon Jul 21 14:19:07 ICT 2025","Level Test Suite","level.spec.ts","",""
"","12589","Create contract with no select term and blank note","Chromium","Mon Jul 21 13:51:16 ICT 2025","passed","Mon Jul 21 13:51:29 ICT 2025","Contract Tests","contract\contract.spec.ts","",""
"","9688","Create term with valid data","Chromium","Mon Jul 21 13:54:42 ICT 2025","passed","Mon Jul 21 13:54:52 ICT 2025","Term Tests","contract\term.spec.ts","",""
"","9907","Max length of short name over 50 characters","Chromium","Mon Jul 21 13:50:03 ICT 2025","passed","Mon Jul 21 13:50:13 ICT 2025","Branch Test","branch.spec.ts","",""
"","10033","Max length of code","Chromium","Mon Jul 21 14:18:47 ICT 2025","passed","Mon Jul 21 14:18:57 ICT 2025","Level Test Suite","level.spec.ts","",""
"","21243","Send debt and refused in employee account","Chromium","Mon Jul 21 15:36:16 ICT 2025","passed","Mon Jul 21 15:36:38 ICT 2025","Debt Tests","salary\debt.spec.ts","",""
"","9098","Create with over number of employee","Chromium","Mon Jul 21 13:46:20 ICT 2025","passed","Mon Jul 21 13:46:29 ICT 2025","Branch Test","branch.spec.ts","",""
"","9481","Create term with empty name","Chromium","Mon Jul 21 13:54:23 ICT 2025","passed","Mon Jul 21 13:54:33 ICT 2025","Term Tests","contract\term.spec.ts","",""
"","8155","Search by evaluation type","Chromium","Mon Jul 21 14:56:12 ICT 2025","passed","Mon Jul 21 14:56:20 ICT 2025","Evaluation Criteria Tests","evaluation\evaluation-process.spec.ts","",""
"","16038","Max length of allowance name 255 characters","Chromium","Mon Jul 21 14:31:08 ICT 2025","passed","Mon Jul 21 14:31:24 ICT 2025","Allowance Tests","salary\allowance.spec.ts","",""
"","11914","Edit employee name","Chromium","Mon Jul 21 14:48:28 ICT 2025","passed","Mon Jul 21 14:48:40 ICT 2025","Employee Tests","employee.spec.ts","",""
"","6509","Delete branch","Chromium","Mon Jul 21 13:49:11 ICT 2025","passed","Mon Jul 21 13:49:17 ICT 2025","Branch Test","branch.spec.ts","",""
"","10020","Max length note over 255 character","Chromium","Mon Jul 21 13:55:42 ICT 2025","passed","Mon Jul 21 13:55:52 ICT 2025","Term Tests","contract\term.spec.ts","",""
"","23311","Add with basic information and edit information","Chromium","Mon Jul 21 14:47:32 ICT 2025","passed","Mon Jul 21 14:47:56 ICT 2025","Employee Tests","employee.spec.ts","",""
"","18882","Edit allowance active status to lock status","Chromium","Mon Jul 21 14:32:47 ICT 2025","passed","Mon Jul 21 14:33:06 ICT 2025","Allowance Tests","salary\allowance.spec.ts","",""
"","7831","Create criteria with activity status","Chromium","Mon Jul 21 14:03:32 ICT 2025","passed","Mon Jul 21 14:03:40 ICT 2025","Evaluation Criteria Tests","evaluation\evaluation-criteria.spec.ts","",""
"","6124","Search by code","Chromium","Mon Jul 21 14:18:14 ICT 2025","passed","Mon Jul 21 14:18:20 ICT 2025","Level Test Suite","level.spec.ts","",""
"","10969","Add new notification with existing name","Chromium","Mon Jul 21 15:07:57 ICT 2025","passed","Mon Jul 21 15:08:08 ICT 2025","Notification Test Suite","notification\notifition.spec.ts","",""
"","10825","Edit note successfully","Chromium","Mon Jul 21 14:16:25 ICT 2025","passed","Mon Jul 21 14:16:36 ICT 2025","Level Test Suite","level.spec.ts","",""
"","15254","Edit reason of leave application","Chromium","Mon Jul 21 15:07:00 ICT 2025","passed","Mon Jul 21 15:07:16 ICT 2025","Leave Application Tests","leave\leave-application.spec.ts","",""
"","11661","Create with lock status","Chromium","Mon Jul 21 13:46:59 ICT 2025","passed","Mon Jul 21 13:47:11 ICT 2025","Branch Test","branch.spec.ts","",""
"","52259","E2E update salary in paysheet","Chromium","Mon Jul 21 15:26:43 ICT 2025","passed","Mon Jul 21 15:27:35 ICT 2025","Paysheet Tests","salary\paysheet.spec.ts","",""
"","9602","Create with lock status","Chromium","Mon Jul 21 14:15:14 ICT 2025","passed","Mon Jul 21 14:15:23 ICT 2025","Level Test Suite","level.spec.ts","",""
"","9452","Max length of branch name 255 characters","Chromium","Mon Jul 21 13:49:32 ICT 2025","passed","Mon Jul 21 13:49:42 ICT 2025","Branch Test","branch.spec.ts","",""
"","10796","Add debt with value already exists","Chromium","Mon Jul 21 15:35:23 ICT 2025","passed","Mon Jul 21 15:35:33 ICT 2025","Debt Tests","salary\debt.spec.ts","",""
"","16802","Delete position successfully","Chromium","Mon Jul 21 15:14:31 ICT 2025","passed","Mon Jul 21 15:14:48 ICT 2025","Position Tests","position.spec.ts","",""
"","13094","Search by status","Chromium","Mon Jul 21 14:47:47 ICT 2025","passed","Mon Jul 21 14:48:00 ICT 2025","Work Shift Tests","work_shift\work_shift.spec.ts","",""
"","39630","Add annual leave for an employee and employee browsed","Chromium","Mon Jul 21 14:13:02 ICT 2025","passed","Mon Jul 21 14:13:41 ICT 2025","Leave Management Tests","leave\leave-management.spec.ts","",""
"","21374","E2E - Add with role employee","Chromium","Mon Jul 21 14:46:24 ICT 2025","passed","Mon Jul 21 14:46:45 ICT 2025","Employee Tests","employee.spec.ts","",""
"","11252","Edit name of shift plan","Chromium","Mon Jul 21 14:45:46 ICT 2025","passed","Mon Jul 21 14:45:58 ICT 2025","Shift Plan Tests","work_shift\shift_plan.spec.ts","",""
"","20715","Max length of all fields","Chromium","Mon Jul 21 14:45:49 ICT 2025","passed","Mon Jul 21 14:46:10 ICT 2025","Employee Tests","employee.spec.ts","",""
"","11835","E2E - Create a contract when there is an approved contract","Chromium","Mon Jul 21 13:52:36 ICT 2025","passed","Mon Jul 21 13:52:48 ICT 2025","Contract Tests","contract\contract.spec.ts","",""
"","8813","Confirm evaluation type","Chromium","Mon Jul 21 14:54:52 ICT 2025","passed","Mon Jul 21 14:55:01 ICT 2025","Evaluation Criteria Tests","evaluation\evaluation-process.spec.ts","",""
"","7921","Maxlenght name with 255 characters","Chromium","Mon Jul 21 13:56:53 ICT 2025","passed","Mon Jul 21 13:57:01 ICT 2025","Department Test","department.spec.ts","",""
"","15654","Edit contract type - Probation to Permanent","Chromium","Mon Jul 21 13:51:29 ICT 2025","passed","Mon Jul 21 13:51:45 ICT 2025","Contract Tests","contract\contract.spec.ts","",""
"","26949","Edit resignation reason","Chromium","Mon Jul 21 15:14:06 ICT 2025","passed","Mon Jul 21 15:14:33 ICT 2025","Resignation Tests","regisnation.spec.ts","",""
"","11123","Max lenghth of note over 255 characters","Chromium","Mon Jul 21 13:51:05 ICT 2025","passed","Mon Jul 21 13:51:16 ICT 2025","Contract Tests","contract\contract.spec.ts","",""
"","9247","Maxlenght note 255 characters","Chromium","Mon Jul 21 14:39:46 ICT 2025","passed","Mon Jul 21 14:39:56 ICT 2025","Team","team.spec.ts","",""
"","12320","Maxlength of reason 255 characters","Chromium","Mon Jul 21 14:40:41 ICT 2025","passed","Mon Jul 21 14:40:53 ICT 2025","Overtime Ticket Test Suite","timekeeping\overtime-ticket.spec.ts","",""
"Tạo loại đánh giá với mô tả để trống và kiểm tra tồn tại trong database.","9666","Add evaluation type with empty description","Chromium","Mon Jul 21 14:07:36 ICT 2025","passed","Mon Jul 21 14:07:45 ICT 2025","Evaluation Type Tests","evaluation\evaluation-type.spec.ts","",""
